trade_id,basket_id,side,strategy,t_signal_ns,z_entry,mu_entry,sigma_entry,s_mid_entry,s_bid_entry,s_ask_entry,outside_band_at_entry,expected_edge,n_legs_entry,qty_target,qty_hedged,entry_failed,entry_cost,entry_fees,t_exit_signal_ns,z_exit,mu_exit,s_mid_exit,s_bid_exit,s_ask_exit,exit_reason,exit_method,exit_proceeds,exit_fees,gas_usd,legging_cost,hold_value,t_close_ns,pnl_net,baseline_drift,holding_s,n_legs_resolved,t_entry,t_exit
1,fed-oct-2026,1,zscore,1790427300000000000,-1.5840973420124203,1.0070172413793101,0.007901813258147728,0.9944999999999998,0.983,1.006,False,-0.05809969644225432,5,1988.07,1988.0699999999997,False,2047.746258087197,47.74783808719734,1790546520000000000,0.10916438820747233,1.0045689655172412,1.0054999999999998,0.994,1.017,revert,sell,1929.54956,46.59202,0.0,2.330027812864785e-13,,1790546520714351069,-118.19669808719743,-0.0024482758620689715,119220.714351069,0,2026-09-26 12:55:00+00:00,2026-09-27 22:02:00.714351069+00:00
2,fed-oct-2026,1,zscore,1790549400000000000,-2.2170209314986415,1.0044540229885055,0.008549320720979081,0.9854999999999998,0.974,0.997,True,-0.05224908591135957,5,1982.3,1982.3,False,2024.3692124196346,48.01611241963455,1790598840000000000,0.1678404175955269,1.0039827586206895,1.0054999999999998,0.994,1.017,revert,sell,1924.5639300000003,45.84227,0.0,0.0,,1790598840749302484,-99.80528241963448,-0.00047126436781597114,49440.749302484,0,2026-09-27 22:50:00+00:00,2026-09-28 12:34:00.749302484+00:00
3,fed-oct-2026,-1,zscore,1790652480000000000,1.7087657517559074,1.0032356321839078,0.008347760833475383,1.0174999999999998,1.006,1.029,True,-0.05375180959986681,5,489.83,489.8299999999999,False,1967.608227215737,11.227207215737373,1790659680000000000,0.34476020676532454,1.003545977011494,1.0065,0.995,1.018,revert,sell,1939.58803,10.915030000000002,0.0,1.8806376118926579e-13,,1790659680648575008,-28.020197215737596,0.0003103448275862952,7200.648575008,0,2026-09-29 03:28:00+00:00,2026-09-29 05:28:00.648575008+00:00
4,fed-oct-2026,1,zscore,1790690700000000000,-2.1173823230548976,1.0030402298850574,0.008283921941763825,0.9855,0.974,0.997,True,-0.05299197669200528,5,1956.66,1956.6599999999999,False,1997.5623246220305,46.77230462203047,1790695500000000000,0.3370166569064599,1.0026379310344826,1.0055,0.994,1.017,revert,sell,1899.6707099999999,45.24933,0.0,1.5401419644701074e-13,,1790695500699081068,-97.8916146220306,-0.0004022988505747449,4800.699081068,0,2026-09-29 14:05:00+00:00,2026-09-29 15:25:00.699081068+00:00
5,fed-oct-2026,-1,zscore,1790695980000000000,1.5191503991656041,1.0026149425287354,0.008481752352065872,1.0155,1.004,1.027,True,-0.05639231037164594,5,483.28,483.28,False,1942.5629876436521,11.376107643652233,1790700180000000000,-0.8395093881954315,1.0026954022988503,0.9955,0.984,1.007,revert,sell,1918.7282799999998,11.008759999999999,0.0,0.0,,1790700180738647623,-23.83470764365225,8.045977011494898e-05,4200.738647623,0,2026-09-29 15:33:00+00:00,2026-09-29 16:43:00.738647623+00:00
6,fed-oct-2026,-1,zscore,1790704920000000000,1.514034196365446,1.002522988505747,0.008571148211450852,1.0155,1.004,1.027,True,-0.05694540493165867,5,482.09,482.0899999999999,False,1937.937755892361,11.506115892361493,1790704980000000000,0.3361242309370184,1.0025919540229884,1.0055,0.994,1.017,revert,sell,1908.3994199999995,11.76505,0.0,1.515282456515558e-13,,1790704980733014922,-29.538335892361715,6.896551724144828e-05,60.733014922,0,2026-09-29 18:02:00+00:00,2026-09-29 18:03:00.733014922+00:00
7,fed-oct-2026,1,zscore,1790705220000000000,-1.9560615389993599,1.002419540229885,0.008649799555151159,0.9855,0.974,0.997,True,-0.0584578216840288,5,1926.32,1926.3199999999997,False,1971.3343233030744,50.79328330307464,1790705280000000000,0.37958668291013176,1.002155172413793,1.0055,0.994,1.017,revert,sell,1865.5912199999998,49.170860000000005,0.0,1.080824246705142e-13,,1790705280730882540,-105.74310330307492,-0.0002643678160920704,60.73088254,0,2026-09-29 18:07:00+00:00,2026-09-29 18:08:00.730882540+00:00
8,fed-oct-2026,-1,zscore,1790705520000000000,1.5220949464212512,1.0020862068965517,0.008812717718422803,1.0155,1.004,1.027,True,-0.061313341091129736,5,475.32,475.32,False,1911.8819431262114,12.503223126211333,1790705640000000000,0.39393487305645397,1.002051724137931,1.0055,0.994,1.017,revert,sell,1880.91527,12.284289999999999,0.0,0.0,,1790705640732276055,-30.966673126211447,-3.448275862072414e-05,120.732276055,0,2026-09-29 18:12:00+00:00,2026-09-29 18:14:00.732276055+00:00
9,fed-oct-2026,1,zscore,1790705760000000000,-3.017963777005881,1.0018793103448276,0.008740764400757134,0.9755,0.964,0.987,True,-0.049456733025880606,5,1918.13,1918.1299999999999,False,1943.9515392817289,50.7572292817291,1790705820000000000,0.4547628684253434,1.0013965517241379,1.0055,0.994,1.017,revert,sell,1857.65942,48.9618,0.0,1.0940853254503286e-13,,1790705820702427694,-86.29211928172913,-0.0004827586206896939,60.702427694,0,2026-09-29 18:16:00+00:00,2026-09-29 18:17:00.702427694+00:00
10,fed-oct-2026,-1,zscore,1790705940000000000,1.5678484768058194,1.0013735632183907,0.009010077817206688,1.0155,1.004,1.027,True,-0.06021515341495487,5,469.45,469.44999999999993,False,1888.184469000244,12.262269000243954,1790706120000000000,-0.8121163126859661,1.001890804597701,0.9944999999999999,0.983,1.006,revert,sell,1862.9324599999998,12.05084,0.0,1.4023633498570026e-13,,1790706120727489740,-25.252009000244016,0.000517241379310418,180.72748974,0,2026-09-29 18:19:00+00:00,2026-09-29 18:22:00.727489740+00:00
11,fed-oct-2026,1,zscore,1790707320000000000,-2.0123867116362986,1.0015344827586206,0.008961738146221627,0.9835,0.972,0.995,True,-0.0573170060703595,5,1880.29,1880.29,False,1920.4086335858974,49.52008358589735,1790707440000000000,0.258162134584631,1.0011666666666665,1.0035,0.992,1.015,revert,sell,1817.3055600000002,47.94212,0.0,0.0,,1790707440744115580,-103.10307358589728,-0.00036781609195402076,120.74411558,0,2026-09-29 18:42:00+00:00,2026-09-29 18:44:00.744115580+00:00
12,fed-oct-2026,-1,zscore,1790771580000000000,2.2249179583364285,1.004396551724138,0.00858613604348178,1.0235000000000003,1.012,1.035,True,-0.05137941608985441,5,463.95,463.94999999999993,False,1861.4737961030833,11.241196103083526,1790771640000000000,-0.12501484004036303,1.0046034482758621,1.0035000000000003,0.992,1.015,revert,sell,1838.2367699999995,10.60398,0.0,1.3595422692768932e-13,,1790771640739603408,-23.23702610308368,0.0002068965517241228,60.739603408,0,2026-09-30 12:33:00+00:00,2026-09-30 12:34:00.739603408+00:00
13,fed-oct-2026,1,zscore,1790786400000000000,-2.303432713458343,1.0030862068965518,0.008937186129324171,0.9825000000000004,0.971,0.994,True,-0.05200543528988921,5,1856.76,1856.7599999999998,False,1891.850171774928,46.23073177492834,1790789580000000000,-0.01887152459618872,1.0026724137931036,1.0025000000000004,0.991,1.014,revert,sell,1795.7696099999998,44.27955,0.0,8.75824001718322e-14,,1790789580745485673,-96.08056177492892,-0.0004137931034482456,3180.745485673,0,2026-09-30 16:40:00+00:00,2026-09-30 17:33:00.745485673+00:00
14,fed-oct-2026,1,zscore,1790795580000000000,-2.284550081759475,1.0029597701149426,0.008955710920193493,0.9825000000000004,0.971,0.994,True,-0.05048647514428406,5,1837.43,1837.4299999999998,False,1870.6268873350357,44.22146733503579,1790796240000000000,0.00751768888203694,1.0024310344827587,1.0025000000000004,0.991,1.014,revert,sell,1778.6731099999997,42.22002,0.0,3.10709201044442e-13,,1790796240740605773,-91.95377733503624,-0.0005287356321839187,660.740605773,0,2026-09-30 19:13:00+00:00,2026-09-30 19:24:00.740605773+00:00
15,fed-oct-2026,1,zscore,1790803200000000000,-2.219406584753498,1.002637931034483,0.00907356550747521,0.9825000000000004,0.971,0.994,True,-0.04950152521130735,5,1818.93,1818.93,False,1850.597468853168,42.581048853168085,1790805720000000000,0.029824944306164104,1.0022241379310346,1.0025000000000004,0.991,1.014,revert,sell,1760.7647100000004,41.794920000000005,0.0,1.5266187771366546e-13,,1790805720728830990,-89.83275885316806,-0.00041379310344846765,2520.72883099,0,2026-09-30 21:20:00+00:00,2026-09-30 22:02:00.728830990+00:00
16,fed-oct-2026,-1,zscore,1790844180000000000,2.1677533802867255,1.0023850574712645,0.009279165569136532,1.0225000000000004,1.011,1.034,True,-0.04966151911541905,5,448.74,448.74,False,1800.7409272070408,10.717067207040758,1790845500000000000,-0.05548285847599757,1.003005747126437,1.0025000000000004,0.991,1.014,revert,sell,1778.02614,10.6515,0.0,0.0,,1790845500747173833,-22.714787207040672,0.0006206896551725904,1320.747173833,0,2026-10-01 08:43:00+00:00,2026-10-01 09:05:00.747173833+00:00
17,fed-oct-2026,1,zscore,1790863320000000000,-3.3476957020542972,1.0026034482758623,0.008992289310342377,0.9725000000000004,0.961,0.984,True,-0.04079912864025226,5,1814.54,1814.5399999999997,False,1828.8790484315289,43.37168843152921,1790864520000000000,0.030020086611439553,1.002212643678161,1.0025000000000004,0.991,1.014,revert,sell,1755.95258,42.25656,0.0,2.2725638070681019e-13,,1790864520748506693,-72.9264684315292,-0.0003908045977012442,1200.748506693,0,2026-10-01 14:02:00+00:00,2026-10-01 14:22:00.748506693+00:00
18,fed-oct-2026,1,zscore,1790875320000000000,-3.2125949734224686,1.0024770114942532,0.009331089584043608,0.9724999999999999,0.9610000000000001,0.984,True,-0.03727222373191186,5,1799.71,1799.7099999999998,False,1810.6032469382785,39.688606938278696,1790876100000000000,1.079996657569731,1.0016264367816095,1.0125,1.001,1.024,revert,sell,1768.1741299999999,33.33557999999999,0.0,1.3495570126797708e-13,,1790876100635352496,-42.42911693827888,-0.0008505747126437146,780.635352496,0,2026-10-01 17:22:00+00:00,2026-10-01 17:35:00.635352496+00:00
